SPC,Common_Name,flen_min,flen_max,tlen_min,tlen_max,rwt_min,rwt_max,k_min_error,k_min_warn,k_max_warn,k_max_error,k_tl_mean,intercept_fltl,slope_fltl,int_fltl_old,slope_fltl_old
010,Lampreys,100,575,100,575,2,380,0.05,0.07,0.38,0.44,,0,1,0,1
011,American Brook Lamprey,100,230,100,230,2,24,0.05,0.07,0.38,0.44,,0,1,0,1
012,Northern Brook Lamprey,100,160,100,160,2,8,0.05,0.07,0.38,0.44,,0,1,0,1
013,Silver Lamprey,100,310,100,310,2,60,0.05,0.07,0.38,0.44,0.2,0,1,0,1
014,Sea Lamprey,100,575,100,575,2,380,0.05,0.07,0.38,0.44,,0,1,0,1
015,Ichthyomyzon sp.,100,310,100,310,2,60,0.05,0.07,0.38,0.44,,0,1,0,1
016,Chestnut Lamprey,100,230,100,230,2,24,0.05,0.07,0.38,0.44,,0,1,0,1
020,Paddlefishes ,1,2,1,2,1,2,0.01,0.02,0.1,0.2,,,,,
021,Paddlefish,1,2,1,2,1,2,0.01,0.02,0.1,0.2,,,,,
030,Sturgeons,83,1725,124,1925,7,45810,0.2,0.29,1.08,1.19,,35.04782,1.05102,37.03345,1.05662
031,Lake Sturgeon,83,1725,124,1925,7,45810,0.2,0.29,1.08,1.19,0.58,35.04782,1.05102,37.03345,1.05662
040,Gars,50,1360,50,1360,1,7463,0.1,0.14,0.36,0.4,,0,1,0,1
041,Longnose Gar,50,1360,50,1360,1,7463,0.1,0.14,0.36,0.4,0.24,0,1,0,1
042,Spotted Gar,50,805,50,805,1,1252,0.1,0.14,0.36,0.4,,0,1,0,1
043,Lepisosteus sp.,50,1360,50,1360,1,7463,0.1,0.14,0.36,0.4,,0,1,0,1
044,Florida Gar,50,1360,50,1360,1,7463,0.1,0.14,0.36,0.4,,0,1,0,1
050,Bowfins,65,885,65,885,2,7001,0.5,0.63,1.39,1.52,,0,1,0,1
051,Bowfin,65,885,65,885,2,7001,0.5,0.63,1.39,1.52,1.01,0,1,0,1
060,Herrings,23,552,26,580,0.1,2325,0.22,0.37,2.33,2.55,,0.1665,1.14279,0.65452,1.14018
061,Alewife,23,260,26,300,0.1,299,0.22,0.37,1.67,1.87,0.82,-2.35598,1.16126,0.65452,1.14018
062,American Shad,26,552,30,580,0.9,2325,0.52,0.66,2.33,2.55,,1.15856,1.13632,,
063,Gizzard Shad,26,552,30,580,0.9,2325,0.52,0.66,2.33,2.55,1.11,1.15856,1.13632,20.83161,1.08276
064,Alosa sp.,23,552,23,580,0.1,2325,0.22,0.37,2.33,2.55,,0.1665,1.14279,,
065,Blueback Herring,23,260,26,300,0.1,299,0.22,0.37,1.67,1.87,0.82,-2.35598,1.16126,,
066,Skipjack Herring,26,552,30,580,0.9,2325,0.52,0.66,2.33,2.55,1.11,1.15856,1.13632,,
07X,"Trouts, Whitefish, Grayling",8,954,9,1020,0.1,12939,0.11,0.29,2.34,2.57,,9.17283,1.07284,,
070,Salmon and Trout Subfamily,24,954,29,1020,0.2,12939,0.32,0.50,2.34,2.57,,4.60498,1.07898,5.49245,1.07083
071,Pink Salmon,100,559,115,607,14,2272,0.36,0.5,1.73,1.9,0.92,7.13505,1.07876,17.57392,1.05696
072,Chum Salmon,28,790,29,849,0.23,8800,0.45,0.6,1.94,2.14,,3.58008,1.06959,,
073,Coho Salmon,28,790,29,849,0.23,8800,0.45,0.6,1.94,2.14,1.05,3.58008,1.06959,17.94099,1.04486
074,Sockeye Salmon,100,559,115,607,14,2272,0.36,0.5,1.73,1.9,,7.13505,1.07876,,
075,Chinook Salmon,29,942,34,994,0.22,12598,0.46,0.6,1.83,2.01,1.01,2.8516,1.08415,4.96387,1.08165
076,Rainbow Trout,28,869,31,900,0.4,8141,0.32,0.53,1.98,2.21,1.15,7.14095,1.02719,7.25165,1.02817
077,Atlantic Salmon,67,751,87,802,3,5000,0.44,0.57,1.68,1.85,1.12,15.67977,1.03375,17.09812,1.0393
078,Brown Trout,24,860,35,882,0.2,10659,0.54,0.77,2.34,2.57,1.45,11.99876,1.00919,10.33529,1.01513
079,Arctic Char,105,954,115,1020,12,12939,0.38,0.52,1.82,2,,6.99357,1.07702,,
080,Brook Trout,35,557,37,580,1,2600,0.76,0.86,1.61,1.71,1.15,3.67524,1.03105,-1.30488,1.07804
081,Lake Trout,105,954,115,1020,12,12939,0.38,0.52,1.82,2,0.94,6.99357,1.07702,0.92468,1.08501
082,Splake,133,657,142,697,22,3538,0.54,0.71,1.78,1.97,1.23,6.71989,1.0499,-1.30488,1.07804
083,Aurora Trout,35,557,37,580,1,2600,0.76,0.86,1.61,1.71,,3.67524,1.03105,-2.94441,1.09098
084,Oncorhynchus sp.,28,942,29,994,0.22,12598,0.32,0.50,1.98,2.21,,9.63418,1.03848,,
085,Salmo sp.,24,860,35,882,0.2,10659,0.54,0.77,2.34,2.57,,12.17709,1.00915,10.33529,1.01513
086,Salvelinus sp.,35,954,37,1020,1,12939,0.38,0.52,1.82,2,,1.03779,1.085,-3.00329,1.08793
087,Lake Trout Backcross,138,823,147,894,20,7450,0.36,0.53,1.91,2.12,1.03,-1.60773,1.07936,31.43763,1.03055
090,Whitefish Subfamily,8,750,9,830,0.1,5422,0.11,0.29,1.89,2.13,0.82,3.09082,1.10048,4.7645,1.09095
091,Lake Whitefish,9,750,10,830,0.1,5422,0.36,0.48,1.69,1.86,0.85,3.83189,1.10289,5.23207,
092,Longjaw Cisco,100,355,117,394,13,515,0.23,0.37,1.72,1.92,,8.99446,1.08044,,
093,Cisco (Lake Herring),8,570,9,601,0.1,2450,0.11,0.29,1.89,2.13,0.83,3.34493,1.10055,1.10679,1.10643
094,Bloater,67,358,74,396,3,795,0.32,0.44,1.65,1.82,0.82,2.56078,1.10269,2.68781,1.10028
095,Deepwater Cisco,67,358,74,396,3,795,0.32,0.44,1.65,1.82,,2.56078,1.10269,,
096,Kiyi,147,284,165,316,25,304,0.24,0.35,1.39,1.54,0.67,1.26159,1.1151,4.31043,1.09417
097,Blackfin Cisco,67,358,74,396,3,795,0.32,0.44,1.65,1.82,,2.56078,1.10269,,
098,Nipigon Cisco,8,570,9,601,0.1,2450,0.11,0.29,1.89,2.13,,3.34493,1.10055,,
099,Shortnose Cisco,67,358,74,396,3,795,0.32,0.44,1.65,1.82,,2.56078,1.10269,,
100,Shortjaw Cisco,100,355,117,394,13,515,0.23,0.37,1.72,1.92,0.81,8.99446,1.08044,,
101,Pygmy Whitefish,50,142,54,157,2,34,0.5,0.6,1.49,1.61,0.88,4.58092,1.07271,,
102,Round Whitefish,60,527,65,587,3,2500,0.5,0.6,1.49,1.61,0.88,4.58092,1.07271,5.10117,0.07104
103,Chub,67,358,74,396,3,795,0.24,0.35,1.65,1.82,0.8,2.78537,1.10118,4.31043,1.09417
106,Coregonus sp.,8,750,9,830,0.1,5422,0.11,0.29,1.89,2.13,,2.4667,1.10579,,
107,Prosopium sp.,60,527,65,587,3,2500,0.5,0.6,1.49,1.61,,4.58092,1.07271,,
110,Grayling Subfamily,8,570,9,601,0.1,2450,0.11,0.29,1.89,2.13,,3.34493,1.10055,,
111,Arctic Grayling,8,570,9,601,0.1,2450,0.11,0.29,1.89,2.13,,3.34493,1.10055,,
120,Smelts,5,300,6,326,0.1,202,0.14,0.24,1,1.11,,-0.20883,1.08868,,
121,Rainbow Smelt,5,300,6,326,0.1,202,0.14,0.24,1,1.11,0.51,-0.20883,1.08868,0.79051,1.07918
130,Pikes,48,1330,52,1410,1,23587,0.26,0.38,1.34,1.48,,1.60517,1.06159,,
131,Northern Pike,48,1100,52,1170,1,14500,0.32,0.4,1.14,1.45,0.61,6.82595,1.05147,7.41979,1.05017
132,Muskellunge,97,1330,104,1410,5,23587,0.26,0.38,1.34,1.48,0.73,28.3542,1.04172,35.46711,1.03366
133,Grass Pickerel,48,328,52,352,1,266,0.32,0.4,1,1.08,,6.82595,1.05147,,
134,Esox sp.,48,1330,52,1410,1,23587,0.26,0.38,1.34,1.48,,1.60517,1.06159,,
135,Chain Pickerel,48,990,52,1048,1,7000,0.32,0.4,1,1.08,,6.82595,1.05147,,
140,Mudminnows,31,98,31,98,1,9,0.05,0.1,2.22,2.63,,0,1,,
141,Central Mudminnow,31,98,31,98,1,9,0.05,0.1,2.22,2.63,,0,1,,
150,Mooneyes,140,362,153,395,31,743,0.53,0.74,1.98,2.18,,,,,
151,Goldeye,140,362,153,395,31,743,0.53,0.74,1.98,2.18,,,,,
152,Mooneye,140,362,153,395,31,743,0.53,0.74,1.98,2.18,,,,,
160,Suckers,19,711,20,790,1,6000,0.52,0.66,2.94,3.18,,-3.33743,1.08634,1.20859,1.09824
161,Quillback,50,545,55,615,2,4850,0.92,1.07,2.94,3.18,1.53,1.24409,1.13093,1.20859,1.09824
162,Longnose Sucker,21,626,22,666,1,2400,0.52,0.66,1.81,1.97,1.09,0.55547,1.06532,2.21941,1.05606
163,White Sucker,19,596,20,641,1,3000,0.66,0.78,1.79,1.93,1.13,-1.08336,1.07745,-5.72251,1.08848
164,Lake Chubsucker,38,236,42,257,1,200,0.52,0.66,2.22,2.42,,-0.12097,1.08555,,
165,Northern Hog Sucker,30,386,31,410,1,975,0.48,0.65,2.11,2.33,1.17,-1.81831,1.06814,,
166,Bigmouth Buffalo,50,591,55,670,2,4850,0.92,1.07,2.94,3.18,,1.24409,1.13093,1.20859,1.09824
167,Spotted Sucker,42,448,44,482,1,1265,0.66,0.78,1.79,1.93,,-1.08336,1.07745,,
168,Silver Redhorse,56,670,62,740,3,5700,0.66,0.8,2.18,2.34,1.19,-1.84471,1.12563,,
169,Black Redhorse,31,711,32,790,1,6000,0.56,0.71,2.22,2.42,,-3.35083,1.12444,,
170,Golden Redhorse,126,544,140,624,202,2204,0.7,0.81,2.12,2.3,1.17,5.84315,1.09169,,
171,Shorthead Redhorse,71,581,79,660,47,3493,0.72,0.81,1.94,2.08,1.1,-2.44036,1.1202,,
172,Greater Redhorse,100,658,127,728,159,5350,0.56,0.71,2.22,2.42,1.14,17.9946,1.09115,18.14221,1.07754
173,River Redhorse,31,711,32,790,1,6000,0.56,0.71,2.22,2.42,,-3.35083,1.12444,,
174,Black Buffalo,50,591,55,670,2,4850,0.92,1.07,2.94,3.18,,1.24409,1.13093,,
175,Smallmouth Buffalo,50,591,55,670,2,4850,0.92,1.07,2.94,3.18,,1.24409,1.13093,,
176,Catostomus sp.,19,626,20,666,1,3000,0.52,0.66,1.81,1.97,,-0.98603,1.07626,,
177,Moxostoma sp.,31,711,32,790,1,6000,0.56,0.71,2.22,2.42,,-3.35083,1.12444,18.14221,1.07754
178,Ictiobus sp.,50,591,55,670,2,4850,0.92,1.07,2.94,3.18,,1.24409,1.13093,,
180,Carps And Minnows,3,864,5,959,0.1,16250,0.05,0.1,2.79,3.04,,-0.05716,1.09707,,
181,Goldfish,24,394,28,433,1,1197,0.77,0.96,2.79,3.04,1.52,1.85526,1.09478,28.26795,1.05563
182,Northern Redbelly Dace,32,65,34,69,1,3,0.07,0.25,1.83,2.09,1.03,0.2453,1.06231,,
183,Finescale Dace,31,74,33,79,1,6,0.25,0.42,1.74,1.94,0.93,1.61783,1.03603,,
184,Redside Dace,31,74,33,79,1,6,0.25,0.42,1.74,1.94,,1.61783,1.03603,,
185,Lake Chub,10,233,11,253,0.1,113,0.36,0.5,1.66,1.83,0.9,0.63331,1.0788,2.64647,1.06581
186,Common Carp,24,864,28,959,1,16250,0.77,0.96,2.79,3.04,1.52,1.85526,1.09478,28.26795,1.05563
187,Gravel Chub,20,94,23,106,1,11,0.59,0.68,1.67,1.78,0.93,1.01197,1.11656,,
188,Cutlips Minnow,20,140,22,148,0.1,33,0.05,0.29,2.14,2.44,,1.23262,1.05026,,
189,Brassy Minnow,37,66,41,70,1,4,0.05,0.29,2.14,2.44,,2.59644,1.02768,,
190,Eastern Silvery Minnow,37,66,41,70,1,4,0.05,0.29,2.14,2.44,,2.59644,1.02768,,
191,Silver Chub,99,203,111,228,12,117,0.59,0.68,1.67,1.78,0.93,1.01197,1.11656,,
192,Hornyhead Chub,45,210,49,222,1,109,0.05,0.1,2.34,2.71,,1.35596,1.05097,,
193,River Chub,45,210,49,222,1,109,0.05,0.1,2.34,2.71,,1.35596,1.05097,,
194,Golden Shiner,29,184,32,204,1,92,0.07,0.19,2.22,2.52,0.85,0.40984,1.10465,28.26795,1.05563
195,Pugnose Shiner,30,45,33,49,1,2,0.05,0.13,2.33,2.69,,1.32597,1.0706,,
196,Emerald Shiner,15,123,17,135,0.1,12,0.07,0.21,1.53,1.74,0.69,-0.33185,1.10414,,
197,Bridle Shiner,13,55,14,60,0.1,3,0.05,0.13,2.33,2.69,,1.32597,1.0706,,
198,Common Shiner,12,157,13,172,0.1,45,0.08,0.28,1.93,2.19,0.89,0.60627,1.08753,,
199,Blackchin Shiner,13,74,14,83,0.1,4,0.05,0.13,2.33,2.69,0.93,1.32597,1.0706,,
200,Blacknose Shiner,25,72,28,80,1,6,0.05,0.1,2.33,2.71,0.87,0.54549,1.10019,,
201,Spottail Shiner,10,147,11,161,0.1,33,0.1,0.3,2.03,2.3,0.9,-0.16048,1.10427,28.26795,1.05563
202,Rosyface Shiner,14,78,16,85,0.1,4,0.07,0.21,1.53,1.74,,0.7897,1.07024,,
203,Spotfin Shiner,31,104,35,115,1,10,0.24,0.4,1.8,2.02,0.89,1.26142,1.08532,,
204,Sand Shiner,16,75,17,83,0.1,5,0.05,0.12,2.11,2.43,,-0.09574,1.09026,,
205,Redfin Shiner,10,73,11,81,0.1,5,0.07,0.19,2.22,2.52,,0.40984,1.10465,,
206,Mimic Shiner,3,89,5,97,0.1,11,0.05,0.12,2.11,2.43,0.88,1.02689,1.08062,,
207,Pugnose Minnow,30,45,33,49,0.1,2,0.05,0.13,2.33,2.69,,1.32597,1.0706,,
208,Bluntnose Minnow,13,97,14,105,0.1,9,0.05,0.23,2.09,2.39,0.94,1.48247,1.05621,,
209,Fathead Minnow,19,94,20,100,0.1,9,0.05,0.29,2.14,2.44,1.03,1.23262,1.05026,,
210,Eastern Blacknose Dace,28,71,30,75,0.3,4,0.08,0.32,2.24,2.56,1.04,0.28158,1.05926,,
211,Longnose Dace,11,117,12,121,0.1,22,0.08,0.32,2.24,2.56,1.04,1.31676,1.04772,,
212,Creek Chub,17,143,19,152,0.1,29,0.05,0.1,2.34,2.71,1,1.35596,1.05097,,
213,Fallfish,50,276,56,300,2,325,0.42,0.56,1.78,1.96,0.97,0.12361,1.08407,,
214,Pearl Dace,10,160,11,173,0.1,21,0.36,0.5,1.66,1.83,,0.63331,1.0788,,
215,Silver Shiner,15,131,17,144,0.1,21,0.07,0.21,1.53,1.74,,-0.33185,1.10414,,
216,Central Stoneroller,30,107,32,115,0.3,16,0.05,0.29,2.14,2.44,,0.25833,1.06774,,
217,Striped Shiner,12,157,13,172,0.1,45,0.08,0.28,1.93,2.19,0.89,0.60627,1.08753,,
218,Ghost Shiner,3,89,5,97,0.1,11,0.05,0.12,2.11,2.43,,-0.0012,1.10122,,
219,Grass Carp,24,864,28,959,1,16250,0.77,0.96,2.79,3.04,,1.85526,1.09478,,
220,Rudd,29,371,32,411,0.3,590,0.07,0.19,2.22,2.52,,0.40984,1.10465,,
221,Phoxinus sp.,31,74,33,79,1,6,0.07,0.25,1.83,2.09,,0.96264,1.04838,,
222,Hybognathus sp.,37,66,41,70,1,4,0.05,0.29,2.14,2.44,,2.59644,1.02768,,
223,Nocomis sp.,45,210,49,222,1,109,0.05,0.1,2.34,2.71,,1.35596,1.05097,,
224,Notropis sp.,3,147,5,161,0.1,33,0.05,0.1,2.33,2.71,,-0.0012,1.10122,,
225,Pimephales sp.,13,97,14,105,0.1,9,0.05,0.29,2.14,2.44,,1.4822,1.05606,,
226,Rhinichthys sp.,11,117,12,121,0.1,22,0.08,0.32,2.24,2.56,,0.94813,1.0523,,
227,Semotilus sp.,17,276,19,300,0.1,325,0.05,0.1,2.34,2.71,,0.37547,1.07069,,
228,Hybopsis sp.,3,100,5,110,0.1,33,0.05,0.1,2.33,2.71,,-0.0012,1.10122,,
229,Luxilus sp.,12,157,13,172,0.1,45,0.08,0.28,1.93,2.19,0.89,0.60627,1.08753,,
230,Bullhead Catfishes,12,830,12,900,0.1,11000,0.3,0.47,2.07,2.29,1,0,1,,
231,Black Bullhead,12,268,12,268,0.1,238,0.58,0.77,2,2.18,,0,1,,
232,Yellow Bullhead,32,330,32,330,1,482,0.58,0.77,2,2.18,,0,1,,
233,Brown Bullhead,12,456,12,456,0.1,1103,0.58,0.77,2,2.18,1.34,0,1,,
234,Channel Catfish,107,830,125,900,15,11000,0.3,0.47,2.07,2.29,1,14.1954,1.08608,47.1198,1.01805
235,Stonecat,26,273,26,273,4,253,0.45,0.6,1.58,1.73,1.07,0,1,,
236,Tadpole Madtom,44,97,44,97,1,12,0.58,0.77,2,2.18,,0,1,,
237,Brindled Madtom,31,80,31,80,1,5,0.45,0.6,1.58,1.73,,0,1,,
238,Margined Madtom,26,159,26,159,1,43,0.45,0.6,1.58,1.73,,0,1,,
239,Flathead Catfish,107,830,125,900,15,11000,0.3,0.47,2.07,2.29,,0,1,,
241,Ictalurus Sp.,107,830,125,900,15,11000,0.3,0.47,2.07,2.29,1,14.1954,1.08608,,
242,Noturus Sp.,26,273,26,273,4,253,0.45,0.6,1.58,1.73,1.07,0,1,,
243,Ameiurus Sp.,123,362,123,362,1,1103,0.58,0.77,2,2.18,1.34,0,1,,
244,Northern Madtom,26,132,26,132,1,25,0.45,0.6,1.58,1.73,1.07,0,1,,
250,Freshwater Eels,504,947,504,947,202,2236,0.05,0.1,0.36,0.41,,0,1,,
251,American Eel,504,947,504,947,202,2236,0.05,0.1,0.36,0.41,0.23,0,1,,
260,Killifishes,11,82,11,82,0.1,5,0.05,0.1,2.18,2.55,1.05,0,1,,
261,Banded Killifish,11,82,11,82,0.1,5,0.05,0.1,2.18,2.55,1.05,0,1,,
262,Blackstripe Topminnow,11,67,11,67,0.1,3,0.05,0.1,2.18,2.55,1.05,0,1,,
270,Cods,4,870,4,870,0.1,6029,0.27,0.39,1.13,1.25,0.76,0,1,,
271,Burbot,4,870,4,870,0.1,6029,0.27,0.39,1.13,1.25,0.76,0,1,,
280,Sticklebacks,19,80,19,80,0.1,4,0.05,0.1,2.3,2.66,,0,1,,
281,Brook Stickleback,23,67,23,67,0.1,3,0.05,0.16,2.3,2.66,1.23,0,1,,
282,Threespine Stickleback,19,80,19,80,0.1,3,0.05,0.1,1.86,2.16,0.91,4.46138,0.93799,,
283,Ninespine Stickleback,21,79,21,79,0.1,4,0.05,0.1,1.66,1.97,0.67,0,1,,
284,Fourspine Stickleback,19,53,19,53,0.1,2,0.05,0.1,2.3,2.66,,0,1,,
290,Trout-Perches,26,174,30,191,0.92,81,0.1,0.31,1.99,2.25,0.93,-0.13924,1.09943,3.62203,1.06461
291,Trout-perch,26,174,30,191,0.92,81,0.1,0.31,1.99,2.25,0.93,-0.13924,1.09943,,
300,Temperate Basses,14,447,15,480,0.38,1400,0.72,0.93,2.58,2.82,,-3.21112,1.08666,,
301,White Perch,14,356,15,379,0.6,1079,0.72,0.93,2.58,2.82,1.58,0.54968,1.06148,-0.08865,1.07014
302,White Bass,25,447,30,480,0.38,1400,0.74,0.89,2.39,2.62,1.36,-1.79647,1.09407,-8.20123,1.11768
303,Morone sp.,14,447,15,480,0.38,1400,0.72,0.93,2.58,2.82,,-3.21112,1.08666,,
304,Striped Bass,100,1200,106,1300,18,32296,0.72,0.93,2.58,2.82,,-3.21112,1.08666,,
310,Sunfishes,9,598,10,618,0.1,4150,0.27,0.58,3.89,4.34,,-1.73085,1.0562,,
311,Rock Bass,10,330,11,345,0.2,611,1,1.27,3.17,3.46,2.08,1.02748,1.02589,0.9686,
312,Green Sunfish,20,138,21,146,0.2,63,0.27,0.68,3.89,4.34,,0.40085,1.052,,
313,Pumpkinseed,9,242,10,255,0.1,333,0.27,0.7,3.81,4.27,2.01,0.51395,1.04714,-0.73534,1.05745
314,Bluegill,20,248,24,267,1,470,0.28,0.68,3.27,3.6,1.91,1.15194,1.06224,1.59789,1.05427
315,Longear Sunfish,38,198,40,209,1,220,0.64,1.02,3.89,4.34,2.17,0.70722,1.04569,,
316,Smallmouth Bass,18,598,20,618,0.1,4150,0.66,0.87,2.49,2.73,1.51,-0.97704,1.05687,-1.43041,1.06224
317,Largemouth Bass,14,585,15,609,0.1,3000,0.3,0.58,2.54,2.85,1.41,0.54466,1.03756,1.29582,1.03559
318,White Crappie,21,332,22,349,1,514,0.71,0.84,1.78,1.91,1.21,1.16313,1.04295,0.51779,1.04302
319,Black Crappie,12,423,12,454,1,1376,0.71,0.9,2.32,2.53,1.47,0.83561,1.04063,0.51779,1.04302
320,Lepomis sp.,9,248,10,267,1,470,0.27,0.68,3.89,4.34,,0.40085,1.052,,
321,Micropterus sp.,14,598,15,618,0.1,4150,0.3,0.58,2.54,2.85,,-0.54699,1.05419,,
322,Pomoxis sp.,12,423,12,454,1,1376,0.71,0.84,2.32,2.53,,0.86298,1.04053,,
323,Warmouth,15,204,16,215,0.1,202,0.27,0.68,3.89,4.34,2.03,0.40085,1.052,,
324,Orangespotted Sunfish,15,100,16,105,0.1,23,0.27,0.68,3.89,4.34,2.03,0.40085,1.052,,
330,Perches,5,830,5,883,1,8100,0.05,0.1,2.09,2.43,,-1.40169,1.06133,,
331,Yellow Perch,5,377,5,398,0.2,931,0.49,0.67,1.99,2.19,1.2,1.35885,1.04306,2.78536,1.03501
332,Sauger,52,584,55,619,2,2253,0.36,0.51,1.68,1.85,,3.64915,1.05276,9.06906,1.03841
333,Blue Pike (Blue Pickerel),52,544,55,576,2,2440,0.59,0.77,1.91,2.09,1.34,3.64915,1.05276,,
334,Walleye,52,830,55,883,1,8100,0.36,0.51,1.68,1.85,0.95,3.64915,1.05276,9.06906,1.03841
335,Eastern Sand Darter,15,84,15,84,0.1,5,0.05,0.1,1.47,1.66,,0,1,,
336,Greenside Darter,28,103,28,103,0.2,11,0.05,0.1,2.09,2.43,0.99,0,1,,
337,Rainbow Darter,35,61,35,61,0.2,3,0.05,0.1,2.09,2.43,0.99,0,1,,
338,Iowa Darter,28,59,28,61,0.2,2,0.05,0.1,2.09,2.43,0.99,0,1,,
339,Fantail Darter,25,82,25,82,0.2,2,0.05,0.1,2.09,2.43,0.99,0,1,,
340,Least Darter,15,42,15,42,0.2,1,0.05,0.1,2.09,2.43,0.99,0,1,,
341,Johnny Darter,15,82,15,82,0.2,5,0.05,0.1,2.09,2.43,0.99,0,1,,
342,Logperch,31,127,32,130,0.3,12,0.08,0.26,1.47,1.66,0.81,0.349,1.01812,,
343,Channel Darter,31,73,32,75,0.3,3,0.08,0.26,1.47,1.66,0.81,0.349,1.01812,,
344,Blackside Darter,31,99,32,101,0.3,8,0.08,0.26,1.47,1.66,0.81,0.349,1.01812,,
345,River Darter,31,76,32,78,0.3,4,0.08,0.26,1.47,1.66,0.81,0.349,1.01812,,
346,Tessellated Darter,15,82,17,82,0.2,5,0.05,0.1,2.09,2.43,0.99,0,1,,
347,Sander sp.,52,830,55,883,1,8100,0.36,0.51,1.91,2.09,,3.64915,1.05276,,
348,Etheostoma sp.,15,103,15,103,0.2,3,0.05,0.1,2.09,2.43,,0,1,,
349,Percina sp.,31,127,32,130,0.3,12,0.08,0.26,1.47,1.66,0.81,0.349,1.01812,,
350,Ruffe,40,185,50,193,15,72,0.68,0.83,2.21,2.41,1.25,8.4919,1.00193,,
360,New World Silversides,30,91,32,98,1,4,0.05,0.1,1.46,1.72,,0.09515,1.05143,,
361,Brook Silverside,30,91,32,98,1,4,0.05,0.1,1.46,1.72,,0.09515,1.05143,,
365,Gobies,5,215,5,215,0.1,170,0.52,0.73,2.02,2.27,,0,1,,
366,Round Goby,5,215,5,215,0.1,170,0.52,0.73,2.02,2.27,1.37,0,1,,
367,Tubenose Goby,26,85,26,85,0.1,8,0.52,0.73,2.02,2.27,,0,1,,
370,Drums,21,635,21,635,1,4604,0.56,0.71,1.69,1.84,,0,1,,
371,Freshwater Drum,21,635,21,635,1,4604,0.56,0.71,1.69,1.84,1.17,0,1,,
380,Sculpins,18,175,18,175,0.5,69,0.05,0.22,2.23,2.54,,0,1,,
381,Mottled Sculpin,18,119,18,119,1,18,0.05,0.33,2.23,2.54,1.28,0,1,,
382,Slimy Sculpin,35,126,35,126,0.5,32,0.05,0.22,2.2,2.53,1.21,0,1,,
383,Spoonhead Sculpin,28,102,28,102,0.3,15,0.05,0.22,2.23,2.54,,0,1,,
384,Deepwater Sculpin,32,175,32,175,1.4,69,0.53,0.68,1.52,1.67,1.1,0,1,,
385,Cottus sp.,18,126,18,126,0.5,32,0.05,0.22,2.23,2.54,,0,1,,
386,Myoxocephalus sp.,32,175,32,175,1.4,69,0.53,0.68,1.52,1.67,,0,1,,
387,Fourhorn Sculpin,30,300,30,300,0.3,360,0.53,0.68,1.52,1.67,,0,1,,
390,Lumpfishes,1,2,1,2,1,2,0.01,0.02,0.1,0.2,,,,,
391,Lumpfish,1,2,1,2,1,2,0.01,0.02,0.1,0.2,,,,,
395,Righteye Flounders,1,2,1,2,1,2,0.01,0.02,0.1,0.2,,,,,
396,European Flounder,1,2,1,2,1,2,0.01,0.02,0.1,0.2,,,,,
400,Salmonidae - Hybrids,8,954,9,1020,0.1,12939,0.11,0.29,2.34,2.57,,9.17283,1.07284,,
420,Salmoninae - Hybrids,24,954,29,1020,0.2,12939,0.32,0.50,2.34,2.57,,4.60498,1.07898,,
421,Brown Trout x Altantic Salmon,24,860,35,882,0.2,10659,0.54,0.77,2.34,2.57,,12.17709,1.00915,,
422,Tiger Trout,24,954,29,1020,0.2,12939,0.32,0.50,2.34,2.57,,4.60498,1.07898,,
423,Coho Salmon x Chinook Salmon,28,942,29,994,0.22,12598,0.32,0.50,1.98,2.21,,9.63418,1.03848,,
450,Coregoninae - Hybrids,8,750,9,830,0.1,5422,0.11,0.29,1.89,2.13,,3.09082,1.10048,,
451,Lake Whitefish x Cisco,8,750,9,830,0.1,5422,0.11,0.29,1.89,2.13,,2.4667,1.10579,,
460,Characins,1,2,1,2,1,2,0.01,0.02,0.1,0.2,,,,,
461,Red-Bellied Pacu,1,2,1,2,1,2,0.01,0.02,0.1,0.2,,,,,
470,Suckermouth Armoured Catfish,1,2,1,2,1,2,0.01,0.02,0.1,0.2,,,,,
471,Royal Panaque,1,2,1,2,1,2,0.01,0.02,0.1,0.2,,,,,
472,Amazon Sailfin Catfish,1,2,1,2,1,2,0.01,0.02,0.1,0.2,,,,,
473,Pterygoplichthys sp.,1,2,1,2,1,2,0.01,0.02,0.1,0.2,,,,,
480,Cichlids,1,2,1,2,1,2,0.01,0.02,0.1,0.2,,,,,
481,Oscar,1,2,1,2,1,2,0.01,0.02,0.1,0.2,,,,,
482,Jaguar Guapote,1,2,1,2,1,2,0.01,0.02,0.1,0.2,,,,,
483,Tench,50,465,50,484,2,1392,0.82,0.97,2,2.15,,1.92992,1.02764,,
500,Esocidae - Hybrids,48,1330,52,1410,1,23587,0.26,0.38,1.34,1.48,,1.60517,1.06159,,
501,Northern Pike x Grass Pickerel,48,1100,52,1170,1,14500,0.32,0.4,1,1.08,,6.82595,1.05147,,
502,Northern Pike x Muskellunge,48,1330,52,1410,1,23587,0.26,0.38,1.34,1.48,,1.60517,1.06159,,
550,Catostomidae - Hybrids ,19,711,20,790,1,6000,0.52,0.66,2.94,3.18,,-3.33743,1.08634,,
551,Ictiobus hybrids,50,591,55,670,2,4850,0.92,1.07,2.94,3.18,,1.24409,1.13093,,
600,Cyprinidae - Hybrids,3,864,5,959,0.1,16250,0.05,0.1,2.79,3.04,,-0.05716,1.09707,,
601,Goldfish x Carp,24,864,28,959,1,16250,0.77,0.96,2.79,3.04,,1.85526,1.09478,,
602,Chrosomus hybrids,31,74,33,79,1,6,0.07,0.25,1.83,2.09,,0.96264,1.04838,,
603,Northern Redbelly Dace x Finescale Dace,31,74,33,79,1,6,0.07,0.25,1.83,2.09,,0.96264,1.04838,,
604,Northern Redbelly Dace x Pearl Dace,10,160,11,173,0.1,21,0.07,0.25,1.83,2.09,,0.31726,1.08108,,
605,Finescale Dace x Pearl Dace,10,160,11,173,0.1,21,0.25,0.42,1.74,1.94,,0.48245,1.07988,,
610,Notropis hybrids,3,147,5,161,0.1,33,0.05,0.1,2.33,2.71,,-0.0012,1.10122,,
611,Common Shiner x Rosyface Shiner,12,157,13,172,0.1,45,0.07,0.21,1.93,2.19,,0.59391,1.08765,,
612,Common Shiner x Creek Chub,12,157,13,172,0.1,45,0.05,0.1,2.34,2.71,,0.57234,1.08535,,
613,Common Shiner x Longnose Dace,12,157,13,172,0.1,45,0.08,0.28,2.24,2.56,,0.49349,1.08562,,
614,Common Shiner x River Chub,12,210,13,222,1,109,0.05,0.1,2.34,2.71,,0.57234,1.08535,,
615,Common Shiner x Brassy Minnow,12,157,13,172,0.1,45,0.05,0.29,2.14,2.44,,0.60627,1.08753,,
616,Striped Shiner x Rosyface Shiner,12,157,13,172,0.1,45,0.07,0.21,1.93,2.19,,0.59391,1.08765,,
617,Striped Shiner x Mimic Shiner,3,157,5,172,0.1,45,0.05,0.12,2.11,2.43,,0.84401,1.08433,,
620,Fathead Minnow x Bluntnose Minnow,13,97,14,105,0.1,9,0.05,0.29,2.14,2.44,,1.4822,1.05606,,
621,Blacknose Dace x Creek Chub,17,143,19,152,0.1,29,0.05,0.1,2.34,2.71,,1.05069,1.05418,,
622,Longnose Dace x River Chub,11,143,12,152,0.1,29,0.05,0.1,2.34,2.71,,1.35173,1.04901,,
623,Longnose Dace x Lake Chub,10,233,11,253,0.1,113,0.08,0.32,2.24,2.56,,-0.03004,1.08321,,
624,Creek Chub x Redside Dace,17,143,19,152,0.1,29,0.05,0.1,2.34,2.71,,1.28062,1.05133,,
630,Western Blacknose Dace,28,71,30,75,0.3,4,0.08,0.32,2.24,2.56,,0.28158,1.05926,,
631,Silver Carp,24,864,28,959,1,16250,0.77,0.96,2.79,3.04,,1.85526,1.09478,,
632,Bighead Carp,24,864,28,959,1,16250,0.77,0.96,2.79,3.04,,1.85526,1.09478,,
633,Black Carp,24,864,28,959,1,16250,0.77,0.96,2.79,3.04,,1.85526,1.09478,,
650,Ictaluridae - Hybrids,12,830,12,900,0.1,11000,0.3,0.47,2.07,2.29,,0,1,,
651,Black Bullhead x Brown Bullhead,12,456,12,456,0.1,1103,0.58,0.77,2,2.18,,0,1,,
690,Moronidae - Hybrids,14,447,15,480,0.38,1400,0.72,0.93,2.58,2.82,,-3.21112,1.08666,,
691,Morone hybrids,14,447,15,480,0.38,1400,0.72,0.93,2.58,2.82,,-3.21112,1.08666,,
692,White Bass x Striped Bass,100,1200,106,1300,18,32296,0.72,0.93,2.58,2.82,,-3.21112,1.08666,,
700,Centrarchidae - Hybrids,9,598,10,618,0.1,4150,0.27,0.58,3.89,4.34,,-1.73085,1.0562,,
701,Lepomis hybrids,9,248,10,267,1,470,0.27,0.68,3.89,4.34,,0.40085,1.052,,
702,Pumpkinseed x Bluegill,9,248,10,267,1,470,0.27,0.68,3.89,4.34,,0.40085,1.052,,
703,Green Sunfish x Pumpkinseed,9,248,10,267,1,470,0.27,0.68,3.89,4.34,,0.40085,1.052,,
704,Green Sunfish x Longear Sunfish,9,248,10,267,1,470,0.27,0.68,3.89,4.34,,0.40085,1.052,,
705,Green Sunfish x Bluegill,9,248,10,267,1,470,0.27,0.68,3.89,4.34,,0.40085,1.052,,
706,White Crappie x Black Crappie,12,423,12,454,1,1376,0.71,0.84,2.32,2.53,,0.86298,1.04053,,
707,Pumpkinseed x Orangespotted Sunfish,9,248,10,267,1,470,0.27,0.68,3.89,4.34,,0.40085,1.052,,
750,Percidae - Hybrids,5,830,5,883,1,8100,0.05,0.1,2.09,2.43,,-1.40169,1.06133,,
751,Saugeye (Sauger x Walleye),52,830,55,883,1,8100,0.36,0.51,1.91,2.09,,3.64915,1.05276,,
752,Logperch x Channel Darter,31,127,32,130,0.3,12,0.08,0.26,1.47,1.66,,0.349,1.01812,,
753,Logperch x Blackside Darter,31,127,32,130,0.3,12,0.08,0.26,1.47,1.66,,0.349,1.01812,,
800,Cottidae - Hybrids,18,175,18,175,0.5,69,0.05,0.22,2.23,2.54,,0,1,,
801,Mottled Sculpin x Slimy Sculpin,18,126,18,126,0.5,32,0.05,0.22,2.23,2.54,,0,1,,
999,Any Species,10,100,10,100,1,10,0.01,0.1,2.5,3.5,,,,,
